nb_ant,alpha,beta,rho,distance,time,nb_mission,nb_specialite
10,0.2,0.2,0.0,33.293053,0.1672,4.0,0.4
10,0.2,0.2,0.0,35.521862,0.0156000005,4.0,2.2
10,0.2,0.2,0.0,33.325687,0.0154,4.0,1.2
10,0.2,0.2,0.0,32.944008,0.0162,4.0,1.0
