nb_ant,alpha,beta,rho,distance,time,nb_mission,nb_specialite
10,0.2,0.2,0.0,852.31726,0.0762,18.2,5.0
10,0.2,0.2,0.0,874.1414,0.086799994,18.6,5.2
10,0.2,0.2,0.0,842.7161,0.0642,18.2,6.6
